name,id,nb_fans
iillss,3740293272,18
叶子Tel201609,6015040112,32
用户6202767672,6202767672,1
w听风的声音08256,5953478924,60
小笛子Lollipop,3880594245,58
冬咚咚咚咚咚呛,2887406701,63
82475zsvb,2139504474,20
TAN_KRYSTAL,3865424966,58
2396657953OzEqJ,6205307380,1
你是软妹纸,5223740010,28
你是软妹纸,5223740010,28
丶我们都是小怪兽,2850930725,79
Alisa喜感妹,2304791545,343
用户6205307226,6205307226,2
用户6198954428,6198954428,5
机智敏ya,2948406743,24
奇葩与怪兽,3954197883,51
00101011H,5904399086,15
郑丹妮140539,5607565457,1
用户6197251585,6197251585,2
郑丹妮140539,5607565457,1
用户6197251585,6197251585,2
用户5534283886,5534283886,23
浅吟fyp,6014637388,9
超可爱阿娇,6168262497,3
HRQYU,5985736011,58
PLA_海峰,5680575144,5
用户6198956183,6198956183,3
用户6198959159,6198959159,2
用户6205306865,6205306865,1
用户6198956183,6198956183,3
用户6198959159,6198959159,2
用户6205306865,6205306865,1
无几Yuki,6004593951,8
用户6197251596,6197251596,1
用户5532082411,5532082411,5
用户6205306663,6205306663,1
黠baby,5146105517,35
带血的菊花菌,5205327313,25
又酷可爱,5405543394,19
用户6205306663,6205306663,1
黠baby,5146105517,35
带血的菊花菌,5205327313,25
又酷可爱,5405543394,19
阿biu哇,5601788142,123
川之江上,5949248016,6
WAM_GOOD,6016390936,151
灰子肉酱,5863386357,3
经神经神经神经神经神,5521935617,5
郄雅浩,6169184313,6
经神经神经神经神经神,5521935617,5
郄雅浩,6169184313,6
小小小_女汉子,1322519940,95
ffmmnn,6115031781,6
用户6198958758,6198958758,2
浮华烟云1314,5996204922,21
Dh-D,1994628000,149
雅子23303,6205306049,2
倾世之歌sanada,6140521348,28
扎着天线的女孩O_o,5982763976,10
用户6198958758,6198958758,2
浮华烟云1314,5996204922,21
Dh-D,1994628000,149
雅子23303,6205306049,2
倾世之歌sanada,6140521348,28
扎着天线的女孩O_o,5982763976,10
用户6205305921,6205305921,1
一块不可以吃的曲琪,5174822105,52
li-mei-feng,6037250974,24
用户6197249616,6197249616,1
用户6205305921,6205305921,1
一块不可以吃的曲琪,5174822105,52
li-mei-feng,6037250974,24
用户6197249616,6197249616,1
粉红色的大白兔奶糖,6034950113,16
宇哥2017,6124758784,10
罗weirdo,6197159048,11
用户6196717933,6196717933,5
李-易-衡,2705887914,149
用户s6dach1wll,5024978397,1
用户6196717933,6196717933,5
李-易-衡,2705887914,149
用户s6dach1wll,5024978397,1
烟雨为情落,5852900209,11
幼儿园08376,5543075977,4
A年少时代,5535633135,30
用户6205303603,6205303603,1
楊豆豆L,1107068350,8
_薛之谦·,3869171735,127
拖塔吉钢蛋,6004324821,50
_薛之谦·,3869171735,127
拖塔吉钢蛋,6004324821,50
ZCY哟哟哟s,6035076653,47
黄鱼昂,5895812981,25
用户6016581002,6016581002,4
sjshdhdjk,5269045199,76
fucksky2012,5977890053,7
地球da表哥,5319341185,48
唔里琛琛,6109564995,42
用户6205304760,6205304760,2
唔里琛琛,6109564995,42
用户6205304760,6205304760,2
笔尖下的舞者,1240562377,116
王靖涵Abby,3675797595,207
孤狼小桃桃,2254724955,61
喔cat,2521134645,38
用户6205304024,6205304024,3
要思行,5900751840,40
mymymymymymimi,2438679064,96
黄家有大宝,3782729933,11
黄家有大宝,3782729933,11
用户6197250531,6197250531,1
惠儿day,3645478393,32
长草的皮卡丘,6198859617,5
孙明喆-,3887254552,970
安素之年yu,5585312649,13
King-麟,1406355723,26
娜只烊,5227573473,94
RuidanLv,1744076521,386
用户5872909636,5872909636,18
娜只烊,5227573473,94
RuidanLv,1744076521,386
用户5872909636,5872909636,18
JoeZchuang,2090091750,578
L穆廖,6055726002,14
豆豆的兜兜aou,5734193174,76
冰的温度5658432706,5658432706,25
御姐anglebaby865,5757325555,9
用户6197243036,6197243036,21
Sunny月光倾城,3736216061,11
冰的温度5658432706,5658432706,25
御姐anglebaby865,5757325555,9
用户6197243036,6197243036,21
Sunny月光倾城,3736216061,11
星星hhhhhhhhhhh,5464114076,7
前后左右hy,1748907490,347
威信vivi080709,1828011693,1179
轻描淡写22320,5353345587,7
-陈黛黛,3729614010,11
新边城磊啊磊,5984249401,6
轻描淡写22320,5353345587,7
-陈黛黛,3729614010,11
新边城磊啊磊,5984249401,6
灿阳暖贤,6112583152,10
用户6198957296,6198957296,1
璇璇蝈蝈,1941013171,262
用户6205303455,6205303455,2
一朵雪莲花阿,6069194492,7
青色的睐,5878491648,1
用户6197245385,6197245385,3
青色的睐,5878491648,1
用户6197245385,6197245385,3
爱你哟CTY,6111285132,28
酒愁LOL,6032001948,21
用户6198957187,6198957187,1
怪蜀黍末了,6134237448,16
薰衣草下的芦苇,1921340037,823
小白_Jenny,6026645938,24
問_尘,5951599916,25
用户6197249710,6197249710,2
問_尘,5951599916,25
用户6197249710,6197249710,2
噜啦啦啦酱,1772972821,148
廖书辉_,1647333647,138
花心xiao萝卜,1731682017,37
箱子_xz,5297891452,24
一只皮皮猪头虾,5632167171,83
小小诺公举,5828754851,18
用户5316154875,5316154875,18
ROMANTIC嗯哼,3706174031,96
小小诺公举,5828754851,18
用户5316154875,5316154875,18
ROMANTIC嗯哼,3706174031,96
用户6191337941,6191337941,1
比一个大西瓜,5948639121,5
闽佑白芦笋茶--顺气清浊,1272265460,63
Angel_xmm安琪儿,2382441927,52
张永豪14348,6198926408,1
御姐控的杨帆-888,6009030107,8
喔喔佳1130,3040934777,74
Angel_xmm安琪儿,2382441927,52
张永豪14348,6198926408,1
御姐控的杨帆-888,6009030107,8
喔喔佳1130,3040934777,74
包可怡,5985230895,5
爱咖啡coffee,6083492269,1
jsbudnei,5580448512,3
等到愚人节才说喜欢你,5908153203,36
用户6115776047,6115776047,1
陈鸡毛sun,5249584515,16
用户6198956655,6198956655,1
不一样的烟火786,5193483687,30
刺客大饼937,6115262820,8
蓝_lan,1581058262,81
薛之谦的小苗头,6083679691,346
用户6176679183,6176679183,1
goodbark,3451583922,18
来生弄青铜,5863850557,2
Fuckingcooool,6127758987,100
